Username,Email,role,first_name,last_name,display_name
user_adam,adam@example.com,subscriber,Adam,Levigne,Adam Levigne
author,doe@example.com,author,John,Doe,John Doe
user1,user1@example.com,subscriber,,,
user2,user2@example.com,subscriber,,,
user3,user3@example.com,subscriber,,,
user4,user4@example.com,subscriber,,,
user5,user5@example.com,subscriber,,,
user6,user6@example.com,subscriber,,,
user7,user7@example.com,subscriber,,,
user8,user8@example.com,subscriber,,,
user9,user9@example.com,subscriber,,,
user10,user10@example.com,subscriber,,,
user11,user11@example.com,subscriber,,,
user12,user12@example.com,subscriber,,,
user13,user13@example.com,subscriber,,,
user14,user14@example.com,subscriber,,,
user15,user15@example.com,subscriber,,,
user16,user16@example.com,subscriber,,,
user17,user17@example.com,subscriber,,,
user18,user18@example.com,subscriber,,,
user19,user19@example.com,subscriber,,,
user20,user20@example.com,subscriber,,,
user21,user21@example.com,subscriber,,,
user22,user22@example.com,subscriber,,,
user23,user23@example.com,subscriber,,,
user24,user24@example.com,subscriber,,,
user25,user25@example.com,subscriber,,,
author1,author1@example.com,author,,,
author2,author2@example.com,author,,,
author3,author3@example.com,author,,,
author4,author4@example.com,author,,,
